Building Name,"Building 
Number",Status,Type,Campus,Abbreviation,Address,GSF
GAMMAGE AUDITORIUM,1,atleast one project,Academic,Tempe,GGMA,1200 S. FOREST AVENUE,150097
INTERDISCIPLINARY A,2,atleast one project,Academic,Tempe,INTDSA,1100 S. CADY MALL,28332
INTERDISCIPLINARY B,3,atleast one project,Academic,Tempe,INTDSB,1120 S. CADY MALL,62941
SHESC,4,atleast one project,Academic,Tempe,SHESC,900 S. CADY MALL,49078
SOCIAL SCIENCES BLDG.,5,No projects so far,Academic,Tempe,SS,951 S. CADY MALL,87673
FARMER EDUCATION BLDG.,006A,atleast one project,Academic,Tempe,ED,1050 S. FOREST MALL,95944
PAYNE HALL,006B,atleast one project,Academic,Tempe,EDB,1000 S. FOREST MALL,94898
EDUCATION LECTURE HALL,006C,atleast one project,Academic,Tempe,EDC,100 E. GAMMAGE PARKWAY,7481
WRIGLEY HALL,7,atleast one project,Academic,Tempe,WGHL,800 S. CADY MALL,51742
DANFORTH CHAPEL,8,atleast one project,Academic,Tempe,CHAPL,1050 S. CADY MALL,1629
DIXIE GAMMAGE HALL,9,atleast one project,Academic,Tempe,GHALL,1001 S. FOREST MALL,23549
HAYDEN LIBRARY,10,atleast one project,Academic,Tempe,LIB,300 E. ORANGE MALL,354258
UNIVERSITY CLUB,11,atleast one project,Academic,Tempe,UCLUB,425 E. UNIVERSITY DRIVE,12761
LANG AND LIT,12,atleast one project,Academic,Tempe,LL,851 S. CADY MALL,137065
PSYCHOLOGY BLDG.,13,atleast one project,Academic,Tempe,PSY,950 S. McALLISTER AVENUE,84885
HAYDEN HALL,14,atleast one project,Housing,Tempe,HAYDN,250 E. APACHE BOULEVARD,30934
HAYDEN HALL EAST,014E,atleast one project,Housing,Tempe,HHE,1260 S. COLLEGE AVENUE,32294
HAYDEN HALL WEST,014W,No projects so far,Housing,Tempe,HHW,1251 S. FOREST AVENUE,27792
CENTRAL PLANT,15,atleast one project,Electrical,Tempe,CP,452 E. ORANGE STREET,45305
UNIVERSITY TUNNEL NETWORK,015A,No projects so far,Academic,Tempe,UTN,452 E. ORANGE STREET,184010
PALM WALK OVERPASS,015B,No projects so far,Academic,Tempe,PWOP,452 E. UNIVERSITY DRIVE,2416
COWDEN FAMILY RESOURCES BLDG.,16,atleast one project,Academic,Tempe,COWDN,850 S. CADY MALL,34171
CENTER FOR FAMILY STUDIES,17,atleast one project,Academic,Tempe,CFS,851 S. FOREST MALL,9703
RESEARCH SUPPORT SERVICES 1,18,No projects so far,Academic,Tempe,RSS1,851 S. McALLISTER AVENUE,14968
MURDOCK HALL,21,atleast one project,Academic,Tempe,MUR,450 E. ORANGE MALL,25139
TOWER CENTER BUILDING A (EAST),023A,No projects so far,Academic,Tempe,TOWER,123 E. UNIVERSITY DRIVE,18026
TOWER CENTER BUILDING B (WEST),023B,No projects so far,Academic,Tempe,TOWER,123 E. UNIVERSITY DRIVE,9912
STAUFFER A Wing,024A,atleast one project,Academic,Tempe,STAUF,950 S. FOREST MALL,47366
STAUFFER B Wing,024B,atleast one project,Academic,Tempe,STAUF,950 S. FOREST MALL,36294
HEALTH SERVICES,25,atleast one project,Academic,Tempe,HSB,451 E. UNIVERSITY DRIVE,36904
IRISH HALL A (ACADEMIC OFFICES),026A,No projects so far,Housing,Tempe,IRISH,1250 S. COLLEGE AVENUE,12911
IRISH HALL B (NORTHWEST),026B,atleast one project,Housing,Tempe,IRISH,1250 S. COLLEGE AVENUE,11742
IRISH HALL C (SOUTHWEST),026C,No projects so far,Housing,Tempe,IRISH,1250 S. COLLEGE AVENUE,11742
LYCEUM THEATER,27,atleast one project,Academic,Tempe,LYC,901 S. FOREST MALL,11985
MCCLINTOCK HALL,28,atleast one project,Academic,Tempe,MCL,951 S. FOREST MALL,49108
PSYCHOLOGY NORTH,031A,atleast one project,Academic,Tempe,PSYN,900 S. McALLISTER AVENUE,65907
OLD MAIN,32,atleast one project,Academic,Tempe,MAIN,400 E. TYLER MALL,45017
MATTHEWS HALL,33,atleast one project,Academic,Tempe,MHALL,925 S. FOREST MALL,17132
MATTHEWS CENTER,34,atleast one project,Academic,Tempe,MCENT,950 S. CADY MALL,74180
MEMORIAL UNION,35,atleast one project,Academic,Tempe,MU,301 E. ORANGE MALL,272278
SUN DEVIL HALL,36,No projects so far,Academic,Tempe,SDH,451 E. ORANGE MALL,59951
MOEUR BLDG.,37,atleast one project,Academic,Tempe,MOEUR,201 E. ORANGE MALL,33739
BEST HALL A,038A,atleast one project,Housing,Tempe,MB,1201 S. FOREST AVENUE,18835
BEST HALL B,038B,atleast one project,Housing,Tempe,MB,1201 S. FOREST AVENUE,19300
BEST HALL C,038C,atleast one project,Housing,Tempe,MB,1201 S. FOREST AVENUE,48188
BOOKSTORE,39,atleast one project,Academic,Tempe,BKSTR,525 E. ORANGE STREET,45224
BUS ADMIN AB,40,atleast one project,Academic,Tempe,BA,300 E. LEMON STREET,131797
BUS ADMIN C WING,040C,atleast one project,Academic,Tempe,BAC,400 E. LEMON STREET,121440
MCCORD HALL,040D,atleast one project,Academic,Tempe,MCRD,450 E. LEMON ST.,140092
BULLDOG HALL,41,atleast one project,Academic,Tempe,BDH,611 E. ORANGE STREET,84189
PIPER WRITING CENTER,42,atleast one project,Academic,Tempe,PWH,450 E. TYLER MALL,4314
ARMSTRONG HALL,43,atleast one project,Academic,Tempe,ARM,1100 S. McALLISTER AVENUE,105232
DISCOVERY HALL,44,atleast one project,Academic,Tempe,DISCVRY,250 E. LEMON STREET,44203
STUDENT SERVICES BLDG.,45,atleast one project,Academic,Tempe,SSV,1151 S. FOREST AVENUE,118966
SUN DEVIL FITNESS COMPLEX,46,atleast one project,Sports/Stadiums,Tempe,SDFCT,500 E. APACHE BOULEVARD,254766
NOBLE SCIENCE LIBRARY,47,atleast one project,Academic,Tempe,NOBLE,601 E. TYLER MALL,101262
NELSON FINE ARTS CENTER,48,atleast one project,Academic,Tempe,FAC,51 E. 10TH STREET,144086
WEST HALL,49,atleast one project,Academic,Tempe,WHALL,1000 S. CADY MALL,32841
WILSON HALL,50,atleast one project,Academic,Tempe,WILSN,240 E. ORANGE MALL,33713
PV EAST (F),051F,atleast one project,Housing,Tempe,PVE,510 E. UNIVERSITY DRIVE,106440
PV WEST (G),051G,atleast one project,Housing,Tempe,PVW,430 E. UNIVERSITY DRIVE,111304
ENGINEERING CENTER A,053A,atleast one project,Academic,Tempe,ECA,1031 S. PALM WALK,55033
ENGINEERING CENTER B,053B,atleast one project,Academic,Tempe,ECB,1011 S. PALM WALK,16185
ENGINEERING CENTER C,053C,atleast one project,Academic,Tempe,ECC,1001 S. PALM WALK,16584
ENGINEERING CENTER D,053D,atleast one project,Academic,Tempe,ECD,971 S. PALM WALK,16360
ENGINEERING CENTER E,053E,atleast one project,Academic,Tempe,ECE,961 S. PALM WALK,15981
ENGINEERING CENTER F,053F,atleast one project,Academic,Tempe,ECF,951 S. PALM WALK,16897
ENGINEERING G,053G,atleast one project,Academic,Tempe,ECG,501 E. TYLER MALL,78268
INTERDISCIPLINARY SCIENCE AND TECHNOLOGY BUILDING II,54,atleast one project,Academic,Tempe,ISTB2,850 S. McALLISTER AVENUE,71248
INTERDISCIPLINARY SCIENCE AND TECHNOLOGY BLDG II SUPPORT,054A,No projects so far,Academic,Tempe,054A,848 S. McALLISTER AVENUE,5850
SCHWADA COB,55,atleast one project,Academic,Tempe,SCOB,620 E. ORANGE STREET,126985
LIFE SCIENCES CENTER A (As a separate block),056A,No projects so far,Academic,Tempe,LSA,451 E. TYLER MALL,87142
LIFE SCIENCES CENTER B-ANIMAL CARE (As a separate block),056B,No projects so far,Academic,Tempe,LSB,425 E. TYLER MALL,8982
LIFE SCIENCES CENTER C,056C,atleast one project,Academic,Tempe,LSC,401 E. TYLER MALL,117562
LIFE SCIENCES CENTER D-AQUATIC TERRESTRIAL (As a separate block),056D,No projects so far,Academic,Tempe,LSD,435 E. TYLER MALL,5166
LIFE SCIENCES TOWER E-WING,056E,atleast one project,Academic,Tempe,LSE,427 E. TYLER MALL,204349
WEXLER HALL (Physical Sciences A),057A,atleast one project,Academic,Tempe,WXLR,901 S. PALM WALK,98035
BATEMAN PHYSICAL SCIENCES CENTER B,057B,atleast one project,Academic,Tempe,PSB,875 S. PALM WALK,48577
BATEMAN PHYSICAL SCIENCES CENTER C,057C,atleast one project,Academic,Tempe,PSC,851 S. PALM WALK,54527
Phys Sci D,057D,atleast one project,Academic,Tempe,PSD,825 S. PALM WALK,65867
Phys Sci E,057E,atleast one project,Academic,Tempe,PSE,501 E. UNIVERSITY DRIVE,24653
Phys Sci F,057F,atleast one project,Academic,Tempe,PSF,550 E. TYLER MALL,179449
Phys Sci G,057G,No projects so far,Academic,Tempe,PSG,551 E. UNIVERSITY DRIVE,7736
Phys Sci H,057H,atleast one project,Academic,Tempe,PSH,525 E. UNIVERSITY DRIVE,131710
SUN DEVIL STADIUM,59,atleast one project,Sports/Stadiums,Tempe,STAD,500 E. VETERAN&#39;S WAY,771429
CARSON STUDENT ATHLETIC CTR,059B,atleast one project,Sports/Stadiums,Tempe,CSAC,500 E. VETERAN&#39;S WAY,167066
SUN DEVIL STADIUM SUITES,059D,No projects so far,Sports/Stadiums,Tempe,STAD,500 E. VETERAN&#39;S WAY,56466
STUDENT ATHLETE FACILITY,059K,No projects so far,Sports/Stadiums,Tempe,SAF,555 E. RIO SALADO PARKWAY,136514
THE ANNEX,60,atleast one project,Academic,Tempe,ANX,615 S. COLLEGE AVENUE,8685
MANZANITA HALL,61,atleast one project,Housing,Tempe,MANZH,600 E. UNIVERSITY DRIVE,216526
ENGINEERING RESEARCH Ctr,63,atleast one project,Academic,Tempe,ENGRC,551 E. TYLER MALL,151637
Lattie COOR HALL,65,atleast one project,Academic,Tempe,COOR,976 S. FOREST MALL,282946
PACKARD BASEBALL STADIUM,66,atleast one project,Sports/Stadiums,Tempe,PBS,201 S. PACKARD DRIVE,51999
TICKETS/CONCESSIONS AT P+A94ACKARD STADIUM,066A,No projects so far,Sports/Stadiums,Tempe,066A,201 S. PACKARD DRIVE,290
DESERT FINANCIAL ARENA,69,atleast one project,Sports/Stadiums,Tempe,DFA,600 E. VETERANS WAY,230259
MONA PLUMMER AQUATICS CTR,71,atleast one project,Academic,Tempe,AQUAT,601 S. COLLEGE AVENUE,24345
INTERDISCIPLINARY SCIENCE AND TECHNOLOGY BUILDING V,72,atleast one project,Academic,Tempe,ISTB5,600 E. TYLER MALL,49662
INTERDISCIPLINARY SCIENCE AND TECHNOLOGY BUILDING 4,75,atleast one project,Academic,Tempe,ISTB4,781 E. TERRACE MALL,327256
URBAN SYSTEMS ENGINEERING,77,atleast one project,Academic,Tempe,USE,651 E. UNIVERSITY DRIVE,48198
TEMPE CAMPUS INFRASTRUCTURE,077X,No projects so far,Academic,Tempe,077X,1551 S. RURAL RD.,0
INTERDISCIPLINARY SCIENCE AND TECHNOLOGY BUILDING 7,79,No projects so far,Academic,Tempe,ISTB7,828 S. RURAL ROAD (777 E. UNIVERSITY DRIVE),0
MUSIC BLDG.,84,atleast one project,Academic,Tempe,MUSIC,50 E. GAMMAGE PARKWAY,179167
GOLDWATER CENTER FOR SCIENCE & ENGINEERING,85,atleast one project,Academic,Tempe,GWC,650 E. TYLER MALL,219608
NEEB HALL,86,atleast one project,Academic,Tempe,NEEB,920 S. FOREST MALL,9309
ART BLDG.,87,atleast one project,Academic,Tempe,ART,900 S. FOREST MALL,72480
COD South,88,atleast one project,Academic,Tempe,CDS,850 S. FOREST MALL,63238
ART WAREHOUSE,94,atleast one project,Storage,Tempe,ARWH,851 S. MYRTLE AVENUE,12908
TEMPE CENTER (MAIN BLDG),095A,No projects so far,Academic,Tempe,TMPCT,951 S. MILL AVENUE,43371
TEMPE CENTER ANNEX,095E,No projects so far,Academic,Tempe,TCA,18 E. 10TH ST.,9856
WHITEMAN TENNIS CENTER,96,No projects so far,Sports/Stadiums,Tempe,WTC,800 E. 6TH STREET,6705
ROBSON FAMILY PLAYER FACILITY,096A,No projects so far,Academic,Tempe,RFPF,800 E. 6TH STREET,9932
"BAND BLDG., TOILETS & STORAGE",97,atleast one project,Storage,Tempe,BBTS,501 S. RURAL ROAD,3877
SUN ANGEL STADIUM,98,No projects so far,Sports/Stadiums,Tempe,TRACK,400 S. RURAL ROAD,49865
MANZY CAFE,103,No projects so far,Academic,Tempe,MANZY,561 E. VETERAN&#39;S WAY,2528
BIODESIGN INSTITUTE BLDG A,104A,atleast one project,Academic,Tempe,BDA,1001 S. MCALLISTER AVENUE,183460
BIODESIGN INSTITUTE BLDG B,104B,atleast one project,Academic,Tempe,BDB,727 E. TYLER STREET,179559
BIO DESIGN INSTITUTE C,104C,No projects so far,Academic,Tempe,BDC,797 E. TYLER ST.,191035
INTERDISCIPLINARY SCIENCE AND TECHNOLOGY BUILDING I,108,atleast one project,Academic,Tempe,ISTB1,550 E. ORANGE STREET,193294
COD NORTH,127,atleast one project,Academic,Tempe,CDN,810 S. FOREST MALL,111635
FM MATERIALS AND EQUIPMENT YARD,128,No projects so far,Academic,Tempe,FMMEY,381 S. RURAL ROAD,7837
SUN ANGEL CLUBHOUSE,128C,No projects so far,Academic,Tempe,SAC,1125 E. RIO SALADO PARKWAY,22625
HOBBS HOUSE,128D,No projects so far,Academic,Tempe,HOBBS,371 S. RURAL ROAD,2646
GOLF PERFORMANCE CENTER,128G,No projects so far,Sports/Stadiums,Tempe,GPC,251 S. RURAL RD.,1847
SOUTH STORAGE,128H,No projects so far,Storage,Tempe,128H,371 S. RURAL ROAD,244
MATERIAL SERVICES BLDG.,131,No projects so far,Academic,Tempe,MSB,1711 S. RURAL ROAD,27992
1711 S. RURAL RD - BLDG B,132,No projects so far,NA,Tempe,RROB,1711 S. RURAL ROAD,12387
1711 S. RURAL RD - BLDG D,133,No projects so far,NA,Tempe,RROC,1711 S. RURAL ROAD,10485
SUN DEVIL STADIUM-NORTH LOCKER BLDG,134,No projects so far,Sports/Stadiums,Tempe,SDSN,501 E. RIO SALADO PARKWAY,11680
SDS ICE PRODUCTION,134A,No projects so far,Academic,Tempe,134A,501 E. RIO SALADO PARKWAY,1591
COMBINED HEAT AND POWER FACILITY,135,atleast one project,Electrical,Tempe,CHPF,740 E. LEMON ST.,73352
COMPUTING COMMONS,136,atleast one project,Academic,Tempe,CPCOM,501 E. ORANGE STREET,132518
CENTRAL PLANT SOUTH,137,atleast one project,Electrical,Tempe,CPS,1601 S. McALLISTER AVENUE,15886
SONORA ANNEX,138,atleast one project,Housing,Tempe,SONX,1450 S. RURAL RD.,3203
SONORA CENTER,139,atleast one project,Housing,Tempe,SCD,1480 S. RURAL RD.,127331
ENGINEERING CENTER ANNEX,140,atleast one project,Academic,Tempe,ECANX,1021 S. PALM WALK,7761
HARRINGTON-BIRCHETT HOUSE,141A,No projects so far,Academic,Tempe,HBH,202 E. 7TH STREET,1510
WEST GARAGE,141D,No projects so far,Parking,Tempe,WG,202 E. 7TH STREET,533
UNIVERSITY TOWERS,142,No projects so far,Housing,Tempe,UNIVT,525 S. FOREST AVENUE,182447
ROSS-BLAKLEY HALL,143,atleast one project,Academic,Tempe,RBHL,1102 S. McALLISTER AVENUE,67299
CAMPUS CHILDRENS CENTER,145,atleast one project,Academic,Tempe,CHILD,910 S. TERRACE ROAD,8825
UNIVERSITY SERVICES,150,atleast one project,Academic,Tempe,USB,1551 S. RURAL ROAD,148101
SAN PABLO RESIDENCE HALL,151,atleast one project,Housing,Tempe,PABLO,555 E. VETERAN&#39;S WAY,77484
SAN PABLO RESIDENCE HALL (CLASSROOM),151A,No projects so far,Housing,Tempe,PABLO,555 E. VETERAN&#39;S WAY,2466
FARRINGTON SOFTBALL STADIUM,153,atleast one project,Sports/Stadiums,Tempe,ALBER,510 S. ATHLETES PLACE,40531
SOFTBALL HITTING FACILITY,153A,No projects so far,Sports/Stadiums,Tempe,153A,465 S. RURAL ROAD,0
SOCCER STADIUM,154,No projects so far,Sports/Stadiums,Tempe,SOCCER,655 S. ATHLETES PLACE,20804
WRESTLING TRAINING FACILITY,156,atleast one project,Sports/Stadiums,Tempe,WTF,391 S. RURAL ROAD,9666
ADELPHI COMMONS (East),157A,No projects so far,Housing,Tempe,ADELE,739 E. APACHE BLVD. (1310 S. SUNSET DRIVE),14758
ADELPHI COMMONS (Northeast),157B,No projects so far,Housing,Tempe,ADENE,739 E. APACHE BLVD. (1310 S. SUNSET DRIVE),12316
ADELPHI COMMONS (Northwest),157C,No projects so far,Housing,Tempe,ADENW,739 E. APACHE BLVD. (1310 S. SUNSET DRIVE),21557
ADELPHI COMMONS (Southwest),157D,No projects so far,Housing,Tempe,ADESW,739 E. APACHE BLVD. (1310 S. SUNSET DRIVE),18976
ADELPHI COMMONS (South),157E,No projects so far,Housing,Tempe,ADELS,739 E. APACHE BLVD. (1310 S. SUNSET DRIVE),14779
ADELPHI COMMONS (Mail Facility),157F,No projects so far,Housing,Tempe,ADEMF,739 E. APACHE BLVD. (1310 S. SUNSET DRIVE),6655
SUN DEVIL SPORTS PERFORMANCE,158,No projects so far,Sports/Stadiums,Tempe,SDSP,650 S. ATHLETES PLACE,24048
ADELPHI II COMMONS EAST,159A,No projects so far,Housing,Tempe,ADELA,1339 S. SUNSET DR.,33163
ADELPHI II COMMONS WEST,159B,No projects so far,Housing,Tempe,ADELB,1342 S. SUNSET DR.,33171
ADELPHI II COMMONS COMMUNITY CENTER,159C,No projects so far,Housing,Tempe,ADELC,1342 S. SUNSET DR.,4864
HAV- MOHAVE HALL,160A,No projects so far,Housing,Tempe,MVHAL,1201 S. MCALLISTER AVENUE,74682
HAV- ARROYO HALL,160B,No projects so far,Housing,Tempe,ARHAL,1201 S. MCALLISTER AVENUE,48436
HAV- JOJOBA HALL,160C,No projects so far,Housing,Tempe,JOBA,1201 S. MCALLISTER AVENUE,42875
HAV- CHUPAROSA HALL,160D,No projects so far,Housing,Tempe,CHUPA,1201 S. MCALLISTER AVENUE,56669
HAV- ACACIA HALL,160E,No projects so far,Housing,Tempe,ACACI,1201 S. MCALLISTER AVENUE,43018
TOOKER HOUSE A,162A,No projects so far,Housing,Tempe,TKRHA,500 E. UNIVERSITY DR.,102942
TOOKER HOUSE B,162B,No projects so far,Housing,Tempe,TKRHB,500 E. UNIVERSITY DR.,246145
TOOKER HOUSE C,162C,No projects so far,Housing,Tempe,TKRHC,500 E. UNIVERSITY DR.,85271
TOOKER HOUSE DINING,162D,No projects so far,Housing,Tempe,TKRHD,525 E. VETERAN&#39;S WAY,40179
HAV- MESQUITE HALL,163A,No projects so far,Housing,Tempe,MSHAL,711 E. LEMON STREET,63348
HAV- VERBENA HALL,163B,No projects so far,Housing,Tempe,VBHAL,711 E. LEMON STREET,127416
HAV- ACOURTIA HALL,163C,No projects so far,Housing,Tempe,ACHAL,711 E. LEMON STREET,138731
WOMENS GYMNASTICS TRAINING FACILITY,166,atleast one project,Academic,Tempe,WGTF,401 S. RURAL ROAD,10733
ASUPD,168,atleast one project,Academic,Tempe,ASUPD,325 E. APACHE BLVD.,43681
STUDENT PAVILION,169,No projects so far,Academic,Tempe,STPV,400 E. ORANGE MALL,84218
VISTA DEL SOL B,170B,No projects so far,Housing,Tempe,VDSB,701 E. APACHE BLVD.,67000
VISTA DEL SOL C,170C,No projects so far,Housing,Tempe,VDSC,701 E. APACHE BLVD.,66812
VISTA DEL SOL D,170D,No projects so far,Housing,Tempe,VDSD,701 E. APACHE BLVD.,93456
VISTA DEL SOL E,170E,No projects so far,Housing,Tempe,VDSE,701 E. APACHE BLVD.,93526
VISTA DEL SOL F,170F,No projects so far,Housing,Tempe,VDSF,701 E. APACHE BLVD.,44732
VISTA DEL SOL G,170G,No projects so far,Housing,Tempe,VDSG,701 E. APACHE BLVD.,93456
VISTA DEL SOL H,170H,No projects so far,Housing,Tempe,VDSH,701 E. APACHE BLVD.,66899
VISTA DEL SOL I,170I,No projects so far,Housing,Tempe,VDSI,701 E. APACHE BLVD.,95566
VISTA DEL SOL J - WEST TOWER,170J,No projects so far,Housing,Tempe,VDSJ,671 E. APACHE BLVD. (701 E. APACHE BLVD.),110811
VISTA DEL SOL K - EAST TOWER,170K,No projects so far,Housing,Tempe,VDSK,681 E. APACHE BLVD. (701 E. APACHE BLVD.),82604
VISTA DEL SOL COMMUNITY CENTER (A),171,No projects so far,Housing,Tempe,VDSCC,701 E. APACHE BLVD.,29798
VISTA DEL SOL CABANA/PUMP HOUSE,172,No projects so far,Housing,Tempe,VDSCB,701 E. APACHE BLVD.,1127
BARRETT COLLEGE SAGE HALL,173A,No projects so far,Housing,Tempe,SGHAL,751 E. LEMON MALL (789 E. LEMON MALL),89298
BARRETT COLLEGE AGAVE HALL,173B,No projects so far,Housing,Tempe,AGVHAL,720 E. APACHE BLVD.,103825
BARRETT COLLEGE CEREUS HALL,173C,No projects so far,Housing,Tempe,CERHAL,820 E. APACHE BLVD.,94151
BARRETT COLLEGE COTTONWOOD HALL,173D,No projects so far,Housing,Tempe,CWHAL,850 E. APACHE BLVD.,69473
BARRETT COLLEGE JUNIPER HALL,173E,No projects so far,Housing,Tempe,JNHAL,1250 S. RURAL RD.,64971
BARRETT COLLEGE ROSEWOOD HALL,173F,No projects so far,Housing,Tempe,RWHAL,1180 S. RURAL RD.,74312
BARRETT COLLEGE WILLOW HALL,173G,No projects so far,Housing,Tempe,WILOHAL,851 E. LEMON ST.,53590
BARRETT COLLEGE HONORS HALL,173H,No projects so far,Housing,Tempe,HONHAL,821 E. LEMON MALL,46523
BARRETT COLLEGE FIRE PUMP HOUSE,173J,No projects so far,Housing,Tempe,173J,851 E. LEMON ST.,0
WEATHERUP CENTER,174,atleast one project,Academic,Tempe,WUC,521 S. RURAL RD.,51290
VERDE DICKEY DOME,175,No projects so far,Academic,Tempe,VDDM,511 S. RURAL RD.,105505
GROUNDS MAINTENANCE FACILITY,176,No projects so far,Academic,Tempe,176,1420 S. JEN TILLY LANE,2862
VILLAS @ VISTA DEL SOL,177,No projects so far,Housing,Tempe,VVDS,551 E. APACHE BLVD.,181307
COLLEGE AVENUE COMMONS,178,atleast one project,Academic,Tempe,CAVC,660 S. COLLEGE AVE.,148829
UNIVERSITY CENTER A Wing,180A,atleast one project,Academic,Tempe,UNCTRA,"1100 E. UNIVERSITY DR., TEMPE",45214
UNIVERSITY CENTER BLDG. B,180B,atleast one project,Academic,Tempe,UNCTRB,"1130 E. UNIVERSITY DR., TEMPE",70832
UNIVERSITY CENTER BLDG. C,180C,atleast one project,Academic,Tempe,UNCTRC,"1150 E. UNIVERSITY DR., TEMPE",71666
NORTHERN CHILLER PLANT,181,No projects so far,Electrical,Tempe,NCP,511 E. VETERAN&#39;S WAY,10183
GLV COMMUNITY CENTER,182,No projects so far,Housing,Tempe,GLVCC,915 S. RURAL RD.,33146
GREEK LEADERSHIP VILLAGE - BLDG A,182A,No projects so far,Housing,Tempe,GLVA,975 S. RURAL RD.,112177
GREEK LEADERSHIP VILLAGE - BLDG B,182B,No projects so far,Housing,Tempe,GLVB,975 S. RURAL RD.,99935
GREEK LEADERSHIP VILLAGE - BLDG C,182C,No projects so far,Housing,Tempe,GLVC,975 S. RURAL RD.,75556
GREEK LEADERSHIP VILLAGE - BLDG D,182D,No projects so far,Housing,Tempe,GLVD,975 S. RURAL RD.,44957
(ATHLETIC FIELDS RESTROOM),183,No projects so far,Fields,Tempe,183,&nbsp;,0
PACKARD STADIUM SHED (NW),627,No projects so far,Academic,Tempe,PSHED,201 S. PACKARD DRIVE,103
TYLER MALL CANTINA,751,atleast one project,Academic,Tempe,TYLER,540 E. TYLER MALL,568
ANTENNA - STAUFFER HALL WEST,L01,No projects so far,Academic,Tempe,L01,950 S. FOREST MALL,0
SOLAR BUILDING YARD,L02,No projects so far,Fields,Tempe,L02,730 S. ALPHA DRIVE,0
AQUATIC COMPLEX - MAIN AREA,L03,No projects so far,Academic,Tempe,L03,601 S. COLLEGE AVENUE,0
N.E. FIELDS - KAJIKAWA FOOTBALL PRACTICE FIELDS,L04,No projects so far,Fields,Tempe,L04,499 S. RURAL RD.,0
N.E. FIELDS - BAND PRACTICE FIELD,L05,atleast one project,Fields,Tempe,L05,411 S. RURAL RD.,0
N.E. FIELDS - SOFTBALL,L07,No projects so far,Fields,Tempe,L07,510 S. ATHLETES PLACE,0
SUN ANGEL STADIUM - YARD,L09,No projects so far,Fields,Tempe,L09,401 S. PACKARD DRIVE,0
ENGINEERING GAS CANISTER STOR.,L14,No projects so far,Academic,Tempe,L14,551 E. TYLER MALL,0
SONORA - EAST AREA,L16,No projects so far,Academic,Tempe,L16,1480 S. RURAL RD.,0
213/215 E. SIXTH ST.,L167,No projects so far,NA,Tempe,L167,213/215 E. SIXTH ST.,0
CHOLLA HALL POOL - COURTYARD,L17,No projects so far,Academic,Tempe,L17,909 S. TERRACE ROAD,0
WOMEN'S SOCCER FIELD,L19,No projects so far,Fields,Tempe,L19,655 S. ATHLETES PLACE,0
DESERT ARBORETUM PARK,L20,No projects so far,Fields,Tempe,L20,556 S. PACKARD DRIVE,0
GROUNDS FENCED YARD 'BONEYARD',L22,No projects so far,Fields,Tempe,L22,675 S. ATHLETES PLACE,0
US WEATHER STATION,L28,No projects so far,Academic,Tempe,L28,505 S. RURAL ROAD,0
T-MOBILE MONOPALM AT KARSTEN GC,L31,No projects so far,NA,Tempe,L31,1125 E. RIO SALADO PARKWAY,0
(LACROSSE FIELD),L34,No projects so far,Fields,Tempe,L34,&nbsp;,0
(MULTI-PURPOSE NATURAL TURF FIELD),L35,No projects so far,Fields,Tempe,L35,&nbsp;,0
(MULTI-PURPOSE ARTIFICIAL TURF FIELD),L36,No projects so far,Fields,Tempe,L36,&nbsp;,0
(EOSS FIELDS),L37,No projects so far,Fields,Tempe,L37,&nbsp;,0
SDFC INTRAMURAL FIELDS,L46,atleast one project,Fields,Tempe,SDFCTF,500 E. LEMON MALL,0
APACHE BLVD. PARKING STRUCTURE (APACHE & COLLEGE),P01,atleast one project,Parking,Tempe,PS1,401 E. LEMON STREET,433918
TYLER STREET PARKING STRUCTURE (McALLISTER & TYLER),P02,atleast one project,Parking,Tempe,PS2,901 S. McALLISTER AVENUE,237238
10TH STREET PARKING STRUCTURE (MYRTLE AVENUE),P03,atleast one project,Parking,Tempe,PS3,901 S. MYRTLE AVENUE,157113
RURAL ROAD PARKING STRUCTURE (RURAL ROAD),P04,atleast one project,Parking,Tempe,PS4,1100 S. RURAL ROAD,711604
STADIUM PARKING STRUCTURE (VETERANS WAY),P05,No projects so far,Parking,Tempe,PS5,401 E. VETERAN&#39;S WAY,445744
UNIVERSITY TOWERS PARKING STRUCTURE (TOWERS),P06,atleast one project,Parking,Tempe,PS6,214 E. SIXTH STREET,105250
PACKARD DRIVE SOUTH PARKING STRUCTURE (PACKARD & 6TH),P07,atleast one project,Parking,Tempe,PS7,555 S. PACKARD DR.,557217
NOVUS PARKING STRUCTURE,P08,No projects so far,Parking,Tempe,PS8,747 E. PACKARD DRIVE; TEMPE; AZ; 85287,0
BANK OF AMERICA AT THE BRICKYARD,R10A,No projects so far,Academic,Tempe,BYENG,699 S. MILL AVE.,205199
ARTISAN COURT AT THE BRICKYARD,R10B,No projects so far,Academic,Tempe,BYAC,30 E. 7TH ST.,21818
ORCHIDHOUSE AT THE BRICKYARD,R10C,No projects so far,Academic,Tempe,BYOH,21 E. 6TH ST.,185172
FULTON CENTER,R11,No projects so far,Academic,Tempe,FULTN,300 E. UNIVERSITY DRIVE,163959
COLLEGE AVENUE MARKET PLACE,R11A,No projects so far,Academic,Tempe,CAM,777 S. COLLEGE AVENUE,21160
TICKET TRAILER/SUN DEVIL STADIUM-N,R23,No projects so far,Academic,Tempe,TTSS,501 E. RIO SALADO PARKWAY,0
ASU PERFORMING & MEDIA ARTS,R41,atleast one project,Academic,Tempe,APMA,970 E. UNIVERSITY DR.,25503
ASU AT MIRABELLA,R78,No projects so far,Academic,Tempe,R78,65 E. UNIVERSITY DR.; TEMPE; AZ; 85287,0
FULTON PARKING STRUCTURE,RP01,atleast one project,Parking,Tempe,RP01,717 S. COLLEGE AVENUE,405083
BRICKYARD PARKING GARAGE,RP02,No projects so far,Parking,Tempe,RP02,699 S. MILL AVE.,281432
VISTA DEL SOL PARKING STRUCTURE,RP03,No projects so far,Parking,Tempe,VDSPS,721 E. APACHE BLVD.,489941
THERMAL ENERGY STORAGE,X01,No projects so far,Storage,Tempe,THERM,1250 S. McALLISTER AVENUE,60515
1711 S. RURAL RD - T-FRAME C,X02,No projects so far,NA,Tempe,RROD,1711 S. RURAL ROAD,3666
1711 S. RURAL RD - T-FRAME E,X03,No projects so far,NA,Tempe,RRO,1711 S. RURAL ROAD,681
WEST STORAGE,X128D,No projects so far,Storage,Tempe,X128D,371 S. RURAL ROAD,144
SHED - CENTRAL PLANT,X16,No projects so far,Academic,Tempe,SCP,452 E. ORANGE STREET,0
HELIUM RECOVERY SHED - ADJ 57B&C,X18,No projects so far,Academic,Tempe,HELM,875 S. PALM WALK,0
WELLS FARGO DRIVE-UP ATM,X23,No projects so far,Academic,Tempe,WFDU,941 S. MILL AVE.,0
BATTING TUNNELS @ PACKARD STADIUM,X24,No projects so far,Academic,Tempe,BTPS,201 S. PACKARD DRIVE,8158
SRC PUMP HOUSE,X28,No projects so far,Academic,Tempe,X28,1200 S. MCALLISTER AVE.,168
VISTA DEL SOL JACUZZI,X30,No projects so far,Housing,Tempe,VDSJAC,701 E. APACHE BLVD.,0
VISTA DEL SOL PAVILION,X31,No projects so far,Housing,Tempe,VDSGAZ,701 E. APACHE BLVD.,1575
VISTA DEL SOL TRASH COMPACTION,X32,No projects so far,Housing,Tempe,VDSTC,721 E. APACHE BLVD.,0
VISTA DEL SOL DOME,X33,No projects so far,Housing,Tempe,VDSDM,701 E. APACHE BLVD.,0
GROUNDS DEPARTMENT AGRICULTURAL CHEMICAL STORAGE,X39,No projects so far,Academic,Tempe,X39,1603 S. MCALLISTER AVE.,334
WEST SUB-STATION (METER AT CP),X40,No projects so far,Electrical,Tempe,X40,951 S. MYRTLE AVE.,926
NORTH SUB-STATION (METER #E68972),X41,No projects so far,Electrical,Tempe,X41,711 S. ALPHA DR.,3913
SOUTH SUB-STATION (METER #J77961),X42,No projects so far,Electrical,Tempe,X42,780 E. LEMON ST.,6411
LUMBER & STORES STORAGE,X59,No projects so far,Storage,Tempe,X59,1711 S. RURAL RD.,1314
SKYSPACE RAMADA,X62,No projects so far,Academic,Tempe,X62,840 E. TERRACE MALL,0
PARKING LOT 59 NORTH SOLAR,X63,No projects so far,Parking,Tempe,X63,"200 S. PACKARD DR., TEMPE",0
GAMMAGE PKWY SOLAR,X72,No projects so far,Solar Structures,Tempe,X72,&nbsp;,0
ORANGE - CADY MALLS SOLAR,X73,No projects so far,Solar Structures,Tempe,X73,&nbsp;,0
PARKING LOT 11 SOLAR,X74,No projects so far,Parking,Tempe,X74,851 S. FOREST MALL,0
PARKING LOT 19 SOLAR,X75,No projects so far,Parking,Tempe,X75,331 E. APACHE BLVD.,0
PARKING LOT 41 SOLAR,X76,No projects so far,Parking,Tempe,X76,651 E. ORANGE ST.,0
PARKING LOT 58 SOLAR,X77,No projects so far,Parking,Tempe,X77,590 S. PACKARD DR.,0
PARKING LOT 59 SOUTH SOLAR,X78,No projects so far,Parking,Tempe,X78,556 S. PACKARD DR.,0
PARKING LOT 45 SOLAR,X80,No projects so far,Parking,Tempe,X80,1551 S. RURAL RD.,0
PARKING LOT 55 EAST SOLAR,X81,No projects so far,Parking,Tempe,X80,1150 E. UNIVERSITY DR.,0
PARKING LOT 55 WEST SOLAR,X82,No projects so far,Parking,Tempe,X80,1130 E. UNIVERSITY DR.,0
ZERO WASTE OFFICE,X86,No projects so far,NA,Tempe,ZWO,1422 S. JEN TILLY LANE,2168
(PUMP & ELECTRICAL STATION),X88,No projects so far,Electrical,Tempe,X88,&nbsp;,0
MERCADO A,152A,No projects so far,NA,Downtown,MERCA,641 E. VAN BUREN,30612
MERCADO B,152B,No projects so far,NA,Downtown,MERCB,541 E. VAN BUREN,24473
MERCADO C,152C,No projects so far,NA,Downtown,MERCC,502 E. MONROE,62287
MERCADO D,152D,No projects so far,NA,Downtown,MERCD,542 E. MONROE,9076
MERCADO E,152E,No projects so far,NA,Downtown,MERCE,602 E. MONROE,6671
MERCADO F,152F,No projects so far,NA,Downtown,MERCF,642 E. MONROE,12474
UNIVERSITY CENTER,301,atleast one project,NA,Downtown,UCENT,411 N. CENTRAL AVE.,299507
HEALTH SOUTH,302,atleast one project,NA,Downtown,HLTHS,500 N. 3RD STREET,183435
POST OFFICE,304,atleast one project,NA,Downtown,POST,522 N. CENTRAL AVENUE,101154
DOWNTOWN PHOENIX CAMPUS INFRASTRUCTURE,304X,No projects so far,NA,Downtown,304X,522 N. CENTRAL AVENUE,0
CRONKITE/8,305,atleast one project,NA,Downtown,CRONK,555 N. CENTRAL AVE.,244964
TAYLOR PLACE - SOUTH TOWER,306A,No projects so far,NA,Downtown,TALRPLACE,120 E. TAYLOR STREET - PHOENIX,176614
TAYLOR PLACE - NORTH TOWER,306B,No projects so far,NA,Downtown,TALRPLACE,120 E. TAYLOR STREET - PHOENIX,186572
HEALTH NORTH,307,No projects so far,NA,Downtown,HLTHN,550 N. 3RD STREET,88934
SUN DEVIL FITNESS COMPLEX,308,No projects so far,NA,Downtown,SDFCD,330 N. 1ST AVE.,78806
BEUS CENTER FOR LAW AND SOCIETY,309,No projects so far,NA,Downtown,BCLS,111 E. TAYLOR ST.,362141
THUNDERBIRD SCHOOL OF GLOBAL MANAGEMENT,310,No projects so far,NA,Downtown,TSGM,401 N. 1ST. ST.; PHOENIX; AZ; 85004,0
DOWNTOWN PHOENIX RES. HALL AND ENTREPRENEURIAL CENTER,311,No projects so far,NA,Downtown,311,380 N. 1ST. AVE.; PHOENIX; AZ; 85004,0
426 N. 1ST STREET,P31,No projects so far,NA,Downtown,P31,426 N. 1ST STREET,130591
A. E. ENGLAND BLDG.,R16,No projects so far,NA,Downtown,AEEB,424 N. CENTRAL AVE.,23999
DOWNTOWN YMCA,R63,No projects so far,NA,Downtown,YMCA,"350 N. 1ST AVE., PHOENIX, AZ 85003",5236
GARDEN OFFICE SPACE LEASE - ARIZONA CENTER,R69,No projects so far,NA,Downtown,AZCNTR,455 N. THIRD ST.,75322
ADMINISTRATION,E001,No projects so far,NA,Polytechnic,ADMIN,5990 S. STERLING MALL,10146
ACADEMIC CENTER,E004,atleast one project,NA,Polytechnic,CNTR,5988 S. BACKUS MALL,54234
FACILITIES MANAGEMENT 15,E011,No projects so far,NA,Polytechnic,FM15,5992 S. TWEET - MESA,3663
AMMO BUNKER 1,E1007,No projects so far,NA,Polytechnic,E1007,7001 E. WILLIAMS FIELD RD.,0
AMMO BUNKER 2,E1008,No projects so far,NA,Polytechnic,E1008,7001 E. WILLIAMS FIELD RD.,0
FACILITY SERVICES,E101,No projects so far,NA,Polytechnic,FS,6110 S. SAGEWOOD - MESA,10614
FACILITIES MANAGEMENT 8,E102,No projects so far,NA,Polytechnic,FM8,6030 S. SAGEWOOD - MESA,1049
WMS CAMPUS BOYS & GIRLS CLUB,E104,No projects so far,NA,Polytechnic,WCBGC,6050 S. SAGEWOOD - MESA,7403
BEE LAB,E1069,No projects so far,NA,Polytechnic,BEE,6858 E. OLD PECOS RD. - MESA,4286
FIELD LAB,E1070,No projects so far,NA,Polytechnic,LAB1,6866 E. OLD PECOS RD. - MESA,3000
RESTROOMS AT L813,E1201,No projects so far,NA,Polytechnic,LAV2,&nbsp;,398
FACILITIES MANAGEMENT 14,E1244,No projects so far,NA,Polytechnic,FM14,7127 E. UPTON AVE. - MESA,708
QUAD 4,E230,No projects so far,NA,Polytechnic,QUAD4,7107 E. TIBURON AVE. #4,2871
QUAD 1,E231,No projects so far,NA,Polytechnic,QUAD1,7107 E. TIBURON AVE. #1,2871
QUAD 3,E232,No projects so far,NA,Polytechnic,QUAD3,7107 E. TIBURON AVE. #3,2697
QUAD 2,E233,No projects so far,NA,Polytechnic,QUAD2,7107 E. TIBURON AVE. #2,2744
ALTITUDE CHAMBER,E234,No projects so far,NA,Polytechnic,ALTCH,7108 E. TIBURON AVE.,9828
CREATIVITY HALL,E237,No projects so far,NA,Polytechnic,CRHL,6950 E. WILLIAMS FIELD ROAD,89336
CREATIVITY HALL SERVICES,E239,No projects so far,NA,Polytechnic,CRHLS,7011 E. TILLMAN AVE.,3506
CREATIVITY HALL ADMINISTRATION,E241,No projects so far,NA,Polytechnic,CRHLA,5935 S. EDGEWATER - MESA,3609
STUDENT UNION ANNEX,E300,No projects so far,NA,Polytechnic,UNON2,5931 S. STERLING AVE.,23604
SIMULATOR BUILDING,E425,atleast one project,NA,Polytechnic,SIM,7442 E. INNOVATION WAY NORTH - MESA,91348
CEDAR HALL,E504,No projects so far,NA,Polytechnic,CDRHL,7411 E. UTAH AVE. - MESA,11556
SACATON HALL,E505,No projects so far,NA,Polytechnic,SACTN,7350 E. INNOVATION WAY SOUTH - MESA,16830
RINCON BUILDING,E508,No projects so far,NA,Polytechnic,RINCN,7429 E. UTAH AVE. - MESA,3469
TECHNOLOGY INNOVATION LABS,E539,No projects so far,NA,Polytechnic,TLABS,7349 E. INNOVATION WAY SOUTH - MESA,4598
CLASSROOM BUILDING,E571,No projects so far,NA,Polytechnic,CLRB,6113 S. KENT - MESA,24827
SUTTON HALL,E632,atleast one project,NA,Polytechnic,SUTON,6049 S. BACKUS MALL,30608
BELL HALL,E633,No projects so far,NA,Polytechnic,BELL,6100 S. AMULET,16275
WANNER HALL,E640,atleast one project,NA,Polytechnic,WANER,6073 S. BACKUS MALL,30042
DEAN HALL,E643,No projects so far,NA,Polytechnic,DEAN,6120 S. AMULET,11791
PALO BLANCO HALL,E670,No projects so far,NA,Polytechnic,PALOB,6060 S. TWEET - MESA,34672
TAYLOR HALL,E672,No projects so far,NA,Polytechnic,TAYLO,7335 E. SONORAN ARROYO MALL,28058
FACILITIES MANAGEMENT / POLICE DEPARTMENT 2,E710,No projects so far,NA,Polytechnic,FMPD2,6045-2 S. SAGEWOOD - MESA,1597
IRONWOOD BLDG.,E711,No projects so far,NA,Polytechnic,IRNWD,6027 S. SAGEWOOD - MESA,3148
FACILITIES MANAGEMENT / POLICE DEPARTMENT,E712,No projects so far,NA,Polytechnic,FMPD,6045 S. SAGEWOOD - MESA,7144
POLYTECHNIC CAMPUS INFRASTRUCTURE,E712X,No projects so far,NA,Polytechnic,E712X,6045 S. SAGEWOOD - MESA,0
FACILITIES MANAGEMENT / POLICE DEPARTMENT 3,E719,No projects so far,NA,Polytechnic,FMPD3,6045-3 S. SAGEWOOD - MESA,303
FACILITIES MANAGEMENT / POLICE DEPARTMENT 4,E720,No projects so far,NA,Polytechnic,FMPD4,6045-4 S. SAGEWOOD - MESA,271
COMMUNICATIONS,E721,No projects so far,NA,Polytechnic,COMUN,6032 S. INNOVATION WAY WEST - MESA,2141
FACILITIES MANAGEMENT 3,E726,No projects so far,NA,Polytechnic,FM3,7030 E. ULYSSES AVE. - MESA,8961
CENTRAL RECEIVING,E753,No projects so far,NA,Polytechnic,RECVG,7041 E. UNITY AVE. - MESA,6726
PTL OFFICES,E754,No projects so far,NA,Polytechnic,SOLAR2,7045 E. UNITY AVE. - MESA,1800
FACILITIES MANAGEMENT 1,E757,No projects so far,NA,Polytechnic,FM1,7160 E. UPTON AVE. - MESA,5734
FACILITIES MANAGEMENT 7,E761,No projects so far,NA,Polytechnic,FM7,7152 E. UNITY AVE. - MESA,3027
FACILITIES MANAGEMENT 4,E768,No projects so far,NA,Polytechnic,FM4,7145 E. INNOVATION WAY SOUTH - MESA,8961
FACILITIES MANAGEMENT 9,E770,No projects so far,NA,Polytechnic,FM9,7160-1 E. UPTON AVE. - MESA,721
FACILITIES MANAGEMENT 10,E771,No projects so far,NA,Polytechnic,FM10,7160-2 E. UPTON AVE. - MESA,802
FACILITIES MANAGEMENT 11,E773,No projects so far,NA,Polytechnic,FM11,7160-3 E. UPTON AVE. - MESA,157
FACILITIES MANAGEMENT 17,E783,No projects so far,NA,Polytechnic,FM17,7160 E. UPTON AVE.,450
AGRIBUSINESS CENTER,E785,atleast one project,NA,Polytechnic,AGBC,6096 S. BACKUS MALL,46043
ENGINEERING STUDIO,E786,No projects so far,NA,Polytechnic,ENGR,7156 E. UNITY AVE. - MESA,4418
FACILITIES MANAGEMENT 5,E787,No projects so far,NA,Polytechnic,FM5,7160 E. UPTON AVE. - MESA,2065
FACILITIES MANAGEMENT 2,E788,No projects so far,NA,Polytechnic,FM2,6220 S. AVERY - MESA,7500
ECET RESEARCH,E789,No projects so far,NA,Polytechnic,ECET,7115 E. INNOVATION WAY SOUTH - MESA,492
TECHNOLOGY CENTER,E790,atleast one project,NA,Polytechnic,TECH,6075 S. INNOVATION WAY WEST - MESA,69844
CHILLED WATER PLANT 2,E790A,No projects so far,NA,Polytechnic,CWP2,7044 E. UNITY AVENUE; MESA; AZ; 85212,1675
ARAVAIPA AUDITORIUM,E795,No projects so far,NA,Polytechnic,ARAVA,7211 E. SONORAN ARROYO MALL (UTAH AVE.),11360
WILLIAMS COMMUNITY SCHOOL - BLDG A,E800A,No projects so far,NA,Polytechnic,WCS-A,7004-2 E. UNION AVE. - MESA,11517
WILLIAMS COMMUNITY SCHOOL - BLDG B,E800B,No projects so far,NA,Polytechnic,WCS-B,7004-3 E. UNION AVE. - MESA,12185
WILLIAMS COMMUNITY SCHOOL - BLDG C,E800C,No projects so far,NA,Polytechnic,WCS-C,7004-4 E. UNION AVE. - MESA,10301
WILLIAMS COMMUNITY SCHOOL - BLDG D,E800D,No projects so far,NA,Polytechnic,WCS-D,7004-7 E. UNION AVE. - MESA,7863
WILLIAMS COMMUNITY SCHOOL - BLDG E,E800E,No projects so far,NA,Polytechnic,WCS-E,7004-1 E. UNION AVE. - MESA,10247
WILLIAMS COMMUNITY SCHOOL - BLDG J,E800J,No projects so far,NA,Polytechnic,WCS-J,7004-5 E. UNION AVE. - MESA,2557
WILLIAMS COMMUNITY SCHOOL - BLDG L,E800L,No projects so far,NA,Polytechnic,WCS-L,7004-8 E. UNION AVE. - MESA,2026
WILLIAMS COMMUNITY SCHOOL - BLDG M,E800M,No projects so far,NA,Polytechnic,WCS-M,7004-6 E. UNION AVE. - MESA,240
WILLIAMS COMMUNITY SCHOOL - BLDG R,E800R,No projects so far,NA,Polytechnic,WCS-R,7004-9 E. UNION AVE. - MESA,26683
WILLIAMS COMMUNITY SCHOOL - BLDG T,E800T,No projects so far,NA,Polytechnic,WCS-T,7004-10 E. UNION AVE. - MESA,1006
GREENHOUSE,E810,No projects so far,NA,Polytechnic,GRNHS,7415 E. UNITY AVE. - MESA,6461
UNIVERSITY LIBRARY ARCHIVES,E811,atleast one project,NA,Polytechnic,ULA,7241 E. UPTON AVENUE - MESA,40723
STUDENT UNION,E812,atleast one project,NA,Polytechnic,UNION,5999 S. BACKUS MALL,32649
INTERDISCIPLINARY SCIENCE AND TECHNOLOGY BUILDING III,E816,No projects so far,NA,Polytechnic,ISTB3,7418 E. INNOVATION WAY SOUTH - MESA,47276
GOLF PRO SHOP,E819,No projects so far,NA,Polytechnic,GOLF2,6807 E. WILLIAMS FIELD ROAD - MESA,1577
TEACHING GREENHOUSE,E820,No projects so far,NA,Polytechnic,GRNT,7405-2 E. INNOVATION WAY SOUTH - MESA,3088
HEADHOUSE,E821,No projects so far,NA,Polytechnic,GRNH,7405-1 E. INNOVATION WAY SOUTH - MESA,2201
RESEARCH GREENHOUSE,E822,No projects so far,NA,Polytechnic,GRNR,7405-3 E. INNOVATION WAY SOUTH - MESA,4314
BEE LAB ANNEX,E823,No projects so far,NA,Polytechnic,BEE2,6858 E. OLD PECOS RD. - MESA,3000
BEE LAB APIARY,E824,No projects so far,NA,Polytechnic,BEE3,6858 E. OLD PECOS RD. - MESA,1590
PERALTA HALL,E825A,No projects so far,NA,Polytechnic,PRLTA,7171 E. SONORAN ARROYO MALL (UTAH AVE.),88456
PICACHO HALL,E825B,No projects so far,NA,Polytechnic,PICHO,7151 E. SONORAN ARROYO MALL (UTAH AVE.),13910
SANTAN HALL,E826,atleast one project,NA,Polytechnic,SANTN,7231 E. SONORAN ARROYO MALL (UTAH AVE.),86803
SANTA CATALINA HALL,E827A,No projects so far,NA,Polytechnic,SANCA,7271 E. SONORAN ARROYO MALL (UTAH AVE.),80405
APPLIED ARTS PAVILION,E827B,No projects so far,NA,Polytechnic,AAPAV,7291 E. SONORAN ARROYO MALL (UTAH AVE.),17112
CHILLED WATER PLANT,E828,No projects so far,NA,Polytechnic,CWP,7158 E. UNITY AVE. - MESA,5442
CENTURY HALL,E829,No projects so far,NA,Polytechnic,CNTRY,5937 S. BACKUS MALL,88539
CITRUS DINING PAVILION,E830,atleast one project,NA,Polytechnic,CITRS,7290 E. SUN DEVIL MALL,24867
SUN DEVIL FITNESS COMPLEX,E831,No projects so far,NA,Polytechnic,SDFCP,7332 E. SUN DEVIL MALL,72127
ASU PREP POLY STEM HS,E832,No projects so far,NA,Polytechnic,PPAHS,7330 E. INNOVATION WAY SOUTH,33949
POLY NEW RESIDENCE HALL,E833,No projects so far,NA,Polytechnic,E833,5885 S. TWINING; MESA; AZ; 85212,0
FLAGPOLE,L100,No projects so far,NA,Polytechnic,L100,7001 E. WILLIAMS FIELD ROAD - BLDG 2,0
BOYS & GIRLS CLUB PLAYGROUND,L103,No projects so far,NA,Polytechnic,WCBGC2,6050 S. SAGEWOOD - MESA,0
CHOLLA BALLFIELD,L126,No projects so far,NA,Polytechnic,CHOLL,7420 E. TEXAS AVE.,0
TRACK,L129,No projects so far,NA,Polytechnic,TRACK,7419 E. TEXAS AVE.,0
CBBG SOILS FIELD LABORATORY,L33,No projects so far,NA,Polytechnic,CBBGSFL,6945 E. ULYSSES AVE.,0
TLAB FIELD EAST,L539E,No projects so far,NA,Polytechnic,L539E,7399 E. INNOVATION WAY SOUTH,0
TLAB FIELD WEST,L539W,No projects so far,NA,Polytechnic,L539W,6181 S. TWEET,0
SONORAN ARROYO MALL,L801,No projects so far,NA,Polytechnic,L801,&nbsp;,0
SUN DEVIL MALL,L802,No projects so far,NA,Polytechnic,L802,&nbsp;,0
ENTRY SIGN,L814,No projects so far,NA,Polytechnic,L814,6812 E. WILLIAMS FIELD ROAD,0
ROUNDABOUT,L815,No projects so far,NA,Polytechnic,L815,7001 E. WILLIAMS FIELD ROAD - BLDG 2,0
DRIVING RANGE,L818,No projects so far,NA,Polytechnic,GOLF,6040 S. SAGEWOOD,0
GREENHOUSE FIELD,L820,No projects so far,NA,Polytechnic,L820,7405 E. INNOVATION WAY SOUTH,0
DATE GROVE,L832,No projects so far,NA,Polytechnic,L832,7127 E. UPTON AVE. - MESA,0
PARCEL 22 @ WILLIAMS GATEWAY AIRPORT (FLIGHT PROGRAM),R37,No projects so far,NA,Polytechnic,PAR22,&nbsp;,0
ASU HANGAR,R5703,No projects so far,NA,Polytechnic,HANGR,5703 S. SOSSAMAN RD.,22677
GAZEBO AT L813,X1200,No projects so far,NA,Polytechnic,GL813,&nbsp;,0
TENNIS COURT 3,X128,No projects so far,NA,Polytechnic,TC3,7351 E. TEXAS AVE.,0
SOLAR FUEL CELL,X632A,No projects so far,NA,Polytechnic,X632A,6049 S. BACKUS MALL,0
POLYTECHNIC SOLAR GROUND MOUNT 1,X64,No projects so far,NA,Polytechnic,X64,"6980 E. UNION AVE., MESA",0
POLYTECHNIC SOLAR GROUND MOUNT 2,X65,No projects so far,NA,Polytechnic,X65,"6231 S. LENNOX AVE., MESA",0
SUNPOWER CPV SOLAR PLANT,X66,No projects so far,NA,Polytechnic,X66,"7222 E. OLD PECOS RD., MESA",0
GAZEBO AT E633,X666,No projects so far,NA,Polytechnic,GE664,6111 S. AMULET AVE.,843
RES1 CHILLER,X670A,No projects so far,NA,Polytechnic,RES1C,6060 S. TWEET - MESA,368
GAZEBO AT E711,X718,No projects so far,NA,Polytechnic,GE711,&nbsp;,0
GAZEBO AT E754,X747,No projects so far,NA,Polytechnic,GE754,&nbsp;,876
FACILITIES MANAGEMENT 13,X770,No projects so far,NA,Polytechnic,FM13,7160 E. UPTON AVE. - MESA,160
SOIL VAPOR EXTRACTION FACILITY,X803,No projects so far,NA,Polytechnic,SVE,6011 S. TERRIPIN MALL,0
INTERDISCIPLINARY SCIENCE & TECHNOLOGY BUILDING III SUPPORT,X816A,No projects so far,NA,Polytechnic,X816A,7418 E. INNOVATION WAY SOUTH - MESA,3109
CBBG LABORATORY,X84,No projects so far,NA,Polytechnic,CBBGL,6945 E. ULYSSES AVE.,1500
MICRO-GRID TEST BED MODULAR,X85,No projects so far,NA,Polytechnic,X85,7471 E. UNITY AVE.,275
FLETCHER LIBRARY,900,No projects so far,NA,West,FLHLB,13400 N. 47TH AVENUE,107148
SANDS CLASSROOM & LECTURE HALL,901,No projects so far,NA,West,SANDS,13492 N. 47TH AVENUE,85453
CENTRAL PLANT,902,No projects so far,NA,West,CPL,13411 N. 49TH AVENUE,21989
UNIVERSITY TUNNEL NETWORK,902A,No projects so far,NA,West,WCB,13411 N. 49TH AVENUE,0
UNIVERSITY CENTER WEST,903,atleast one project,NA,West,UCB,13590 N. 47TH AVENUE,156550
FACULTY OFFICE/ADMINISTRATION,904,No projects so far,NA,West,FAB,13591 N. 47TH AVENUE,159547
CLASSROOM/LAB/COMPUTER CLASSROOM,905,No projects so far,NA,West,CLCC,13493 N. 47TH AVENUE,197854
CENTRAL SERVICES COMPLEX,906,No projects so far,NA,West,CSC,13351 N. 49TH AVENUE,25627
WEST CAMPUS INFRASTRUCTURE,906X,No projects so far,NA,West,906X,13351 N. 49TH AVENUE,0
STORAGE,909,No projects so far,NA,West,STOR,13351 N. 49TH AVENUE,2500
LECTURE HALL,911,No projects so far,NA,West,LECT,13493 N. 46TH DRIVE,9071
NORTH SERVICES BUILDING,912,No projects so far,NA,West,NSB,4776 W. UNIVERSITY WAY NORTH,5963
CASA DE ORO,913,No projects so far,NA,West,CDOR,4811 W. VERDE MALL,98698
VERDE DINING PAVILION,914,atleast one project,NA,West,VRDE,4781 W. UNIVERSITY WAY NORTH,28862
SUN DEVIL FITNESS COMPLEX,915,No projects so far,NA,West,SDFCW,13351 N. 47TH DRIVE,77844
SOUTH FIELDS' RESTROOMS,916,No projects so far,NA,West,916,4809 W. UNIVERSITY WAY SOUTH,1022
HERBERGER YOUNG SCHOLARS ACADEMY,917,No projects so far,NA,West,HYSA,4825 W. UNIVERSITY WAY NORTH,24950
LAS CASAS - A WING (SE),930A,No projects so far,NA,West,CASAA,13510 N. 49TH AVENUE,54765
LAS CASAS - B WING (NE),930B,No projects so far,NA,West,CASAB,13510 N. 49TH AVENUE,54746
LAS CASAS - POOL,930C,No projects so far,NA,West,CASAC,13510 N. 49TH AVENUE,213
LAS CASAS COMMUNITY CENTER,930D,No projects so far,NA,West,CASAD,13510 N. 49TH AVENUE,4341
ASU/COP COMMUNITY PARK,L30,No projects so far,NA,West,COMPK,4951 W. WOOD DR.,0
ASU/COP COMMUNITY PARK RESTROOM,R51,No projects so far,NA,West,R51,4951 W. WOOD DR.,372
"WEST SOLAR PARKING 1, 2, & 3",X48,No projects so far,NA,West,X48,"4787 W. WOOD ST., PHOENIX",0
WEST SOLAR GROUND MOUNT,X49,No projects so far,NA,West,X49,"13600 N. 49TH AVE., PHOENIX",0
UNDERGROUND THERMAL STORAGE,X51,No projects so far,NA,West,X51,13411 N. 49TH AVENUE,14040
CENTRAL PLANT STORAGE,X52,No projects so far,NA,West,X52,13411 N. 49TH AVENUE,1711
CITY OF PHOENIX ENZYME STORAGE TANK AT CSC,X56,No projects so far,NA,West,X56,13351 N. 49TH AVENUE,0
CITY OF PHOENIX COMMUNICATIONS SITE,X61,No projects so far,NA,West,X61,4451 W. UNIVERSITY WAY SOUTH,597
INTERDISCIPLINARY AB,2A3,atleast one project,NA,Tempe,INTDSAB,1100 S. CADY MALL,
LifeScience A_B_D,056ABD,No projects so far,NA,Tempe,LSABD,451 E. TYLER MALL,
Physical Education Building East,PHE,atleast one project,NA,Polytechnic,PEBE,,
Physical Education Building West,PHW,atleast one project,NA,Polytechnic,PEBW,,
ALAMEDA BUILDING,ALA,atleast one project,NA,Tempe,ALA,734 West Alameda Dr,
CENTERPOINT,CNT,atleast one project,Academic,Tempe,CNT,660 S. Mill Ave.,
COMMUNITY SERVICES,CSB,atleast one project,Services,Tempe,CSB,"200 E Curry Rd, Tempe, AZ 85281",109322
GRANT STREET STUDIOS,GSS,atleast one project,NA,Downtown,GSS,"605 E. Grant St. Phoenix, AZ, 85004",